Name Designation / Substation	Customer Name	Country of Installation	Transformer Type	Asset Group	Serial Number	Manufacturing Year	Brand	Operational status	Application	Number of Phases	Insulation type	Typ of Oil	Type of cooling equipment	Rated voltage (HV)	Rated voltage (MV)	Rated voltage (LV)	Rated power	Vector group	Number of Tap Changer	Typ of Tap Changer	Type of cooling and level
Lomonosovo		Russia	TRDN-63000/110	Power Transformers	Y100003	2012	Siemens	Delivered	Network transformer	3 Phase Design	Fluid	GK	Fan	114.989		10.5	63	YN/D-D-11-11	1	VM III 350Y-72.5/B-10191 WR	ONAF
Yubileynaya		Russia	TRDN-63000/220	Power Transformers	Y100004	2012	Siemens	Delivered	Network transformer	3 Phase Design	Fluid	GK	Fan	229.964		11	63	YN/D-D-11-11	1	M III 350Y-72.5/C-14273 WR	ONAF
Yubileynaya		Russia	TRDN-63000/220	Power Transformers	Y100005	2012	Siemens	Delivered	Network transformer	3 Phase Design	Fluid	GK	Fan	229.964		11	63	YN/D-D-11-11	1	M III 350Y-72.5/C-14273 WR	ONAF
"PS ""CRP-7"""		Russia	TRDN-20000/35	Power Transformers	Y100006	2012	Siemens	Delivered	Network transformer	3 Phase Design	Fluid	GK	Fan	35		6.3-6.3	20	YN/D-D-11-11	1	V III 350Y-76-10193 W	ONAF
"PS ""CRP-7"""		Russia	TRDN-20000/35	Power Transformers	Y100007	2012	Siemens	Delivered	Network transformer	3 Phase Design	Fluid	GK	Fan	35		6.3-6.3	20	YN/D-D-11-11	1	V III 350Y-76-10193 W	ONAF
KZHD		Kazakhstan	TDTNZH-40000/110	Power Transformers	Y100008	2012	Siemens	Delivered	Network transformer	3 Phase Design	Fluid	Nynas Nytro 11GX	Fan	115	27.5	11	40	YN/D-D-11-11	1	V III 350Y-76-10-191 WR	ONAF
KZHD		Kazakhstan	TDTNZH-40000/110	Power Transformers	Y100009	2012	Siemens	Delivered	Network transformer	3 Phase Design	Fluid	Nynas Nytro 11GX	Fan	115	27.5	11	40	YN/D-D-11-11	1	V III 350Y-76-10-191 WR	ONAF
KZHD		Kazakhstan	TDTNZH-40000/110	Power Transformers	Y100010	2012	Siemens	Delivered	Network transformer	3 Phase Design	Fluid	Nynas Nytro 11GX	Fan	115	27.5	11	40	YN/D-D-11-11	1	V III 350Y-76-10-191 WR	ONAF
KZHD		Kazakhstan	TDTNZH-40000/110	Power Transformers	Y100011	2012	Siemens	Delivered	Network transformer	3 Phase Design	Fluid	Nynas Nytro 11GX	Fan	115	27.5	11	40	YN/D-D-11-11	1	V III 350Y-76-10-191 WR	ONAF
KZHD		Kazakhstan	TDTNZH-40000/110	Power Transformers	Y100012	2012	Siemens	Delivered	Network transformer	3 Phase Design	Fluid	Nynas Nytro 11GX	Fan	115	27.5	11	40	YN/D-D-11-11	1	V III 350Y-76-10-191 WR	ONAF
Uralskaya Stal	"OAO ""Uralskaya Stal"""	Russia	TRDN-80000/110	Power Transformers	Y100013	2012	Siemens	Delivered	Network transformer	3 Phase Design	Fluid	GK	Fan	115		10.5-10.5	80	YN/D-D-11-11	1	M III 500Y-72.5/B-10 191 WR	ONAF
Mosenergo Tec-20	"PAO ""Mosenergo"""	Russia	?DC-125000/220	Power Transformers	Y100014	2012	Siemens	Delivered	Generator step-up (GSU) transformer	3 Phase Design	Fluid	GK	Fan/Pump	242		10.5	125	YN/D-11	-	-	OFAF
Mosenergo Tec-20	"PAO ""Mosenergo"""	Russia	?DC-125000/220	Power Transformers	Y100015	2012	Siemens	Delivered	Generator step-up (GSU) transformer	3 Phase Design	Fluid	GK	Fan/Pump	242		10.5	125	YN/D-11	-	-	OFAF
Mosenergo Tec-21	"PAO ""Mosenergo"""	Russia	?DC-125000/220	Power Transformers	Y100016	2012	Siemens	Delivered	Generator step-up (GSU) transformer	3 Phase Design	Fluid	GK	Fan/Pump	242		10.5	125	YN/D-11	-	-	OFAF
Mosenergo Tec-21	"PAO ""Mosenergo"""	Russia	?DC-125000/220	Power Transformers	Y100017	2012	Siemens	Delivered	Generator step-up (GSU) transformer	3 Phase Design	Fluid	GK	Fan/Pump	242		10.5	125	YN/D-11	-	-	OFAF
Mosenergo Tec-22	"PAO ""Mosenergo"""	Russia	?DC-125000/220	Power Transformers	Y100018	2012	Siemens	Delivered	Generator step-up (GSU) transformer	3 Phase Design	Fluid	GK	Fan/Pump	115		10.5	125	YN/D-11	-	-	OFAF
Tec-4		Russia	?DC-160000/110	Power Transformers	Y100019	2012	Siemens	Delivered	Generator step-up (GSU) transformer	3 Phase Design	Fluid	Nynas Nytro 11GX	Fan/Pump	121		10.5	160	YN/D-11	-	-	OFAF
Yandex	"OOO ""Yandex"""	Russia	TRDN-63000/110	Power Transformers	Y100020	2012	Siemens	Delivered	Network transformer	3 Phase Design	Fluid	Nynas Nytro 11GX	Fan	115		10.5-10.5	63	YN/D-D-11-11	1	V III 350Y-76-10 191 WR	ONAF
Yandex	"OOO ""Yandex"""	Russia	TRDN-63000/110	Power Transformers	Y100021	2012	Siemens	Delivered	Network transformer	3 Phase Design	Fluid	Nynas Nytro 11GX	Fan	115		10.5-10.5	63	YN/D-D-11-11	1	V III 350Y-76-10 191 WR	ONAF
Prakseir		Russia	TRDN-125000/110	Power Transformers	Y100022	2012	Siemens	Delivered	Network transformer	3 Phase Design	Fluid	Nynas Nytro 10XN	Fan	115		10.5-10.5	125	YN/D-D-11-11	1	VRC III 700Y-72.5/B-12 23 3WR	ONAF
Prakseir		Russia	TRDN-125000/110	Power Transformers	Y100023	2013	Siemens	Delivered	Network transformer	3 Phase Design	Fluid	Nynas Nytro 10XN	Fan	115		10.5-10.5	125	YN/D-D-11-11	1	VRC III 700Y-72.5/B-12 23 3WR	ONAF
Sovetsko-Sosninskaya		Russia	ATDCTN 125000\220	Power Transformers	Y100024	2013	Siemens	Delivered	Network transformer	3 Phase Design	Fluid	Nynas Nytro 10XN	Fan/Pump	230	121	6.6	125	YN ?uto/D-0-11	1	M I 802 170/C 14 131 WR	ONAN/ONAF/OFAF
Potapovskaya	"??? ""Udmurtenergoneft"" "	Russia	TDTN-40000/110	Power Transformers	Y100027	2013	Siemens	Delivered	Network transformer	3 Phase Design	Fluid	Nynas Nytro 11GX	Fan	115	38.5	6.6	40	YN/YN/D-0-11	1	V III 350Y-76-10 191 W	ONAF
Potapovskaya	"??? ""Udmurtenergoneft"" "	Russia	TDTN-40000/110	Power Transformers	Y100028	2013	Siemens	Delivered	Network transformer	3 Phase Design	Fluid	Nynas Nytro 11GX	Fan	115	38.5	6.6	40	YN/YN/D-0-11	1	V III 350Y-76-10 191 W	ONAF
Biektau	"??? ""Udmurtenergoneft"" "	Russia	TDN-16000/35	Power Transformers	Y100029	2013	Siemens	Delivered	Network transformer	3 Phase Design	Fluid	Nynas Nytro 11GX	Fan	35		6.3	16	YN/D-11	1	V III 350 Y-76.0/-10 19 3 W	ONAF
Biektau	"??? ""Udmurtenergoneft"" "	Russia	TDN-16000/35	Power Transformers	Y100030	2013	Siemens	Delivered	Network transformer	3 Phase Design	Fluid	Nynas Nytro 11GX	Fan	35		6.3	16	YN/D-11	1	V III 350 Y-76.0/-10 19 3 W	ONAF
VAZ Stroitelnaya	"ZAO ""Energetika I svyaz stroitelstva"""	Russia	TDTN-40000/110	Power Transformers	Y100031	2013	Siemens	Delivered	Network transformer	3 Phase Design	Fluid	GK	Fan	115	38.5	6.6	40	YN/YN/D-0-11	1	V III 350 Y-76.0/-10 19 1 W	ONAF
Nyzhnekamskaya Tec	"OAO ""Tatneft"""	Russia	?DC-160000/220	Power Transformers	Y100032	2013	Siemens	Delivered	Generator step-up (GSU) transformer	3 Phase Design	Fluid	GK	Fan/Pump	242		10.5	160	YN/D-11	-	-	OFAF
Nyzhnekamskaya Tec	"OAO ""Tatneft"""	Russia	?DC-160000/220	Power Transformers	Y100033	2013	Siemens	Delivered	Generator step-up (GSU) transformer	3 Phase Design	Fluid	GK	Fan/Pump	242		10.5	160	YN/D-11	-	-	OFAF
Nyzhnekamskaya Tec	"OAO ""Tatneft"""	Russia	TRDNS-25000/110	Power Transformers	Y100034	2013	Siemens	Delivered	Network transformer	3 Phase Design	Fluid	Nynas Nytro 10XN	Fan	115		6.3-6.3	25	YN/D-D-11-11	1	V III 200Y-76-10193 WR	ONAF
Nyzhnekamskaya Tec	"OAO ""Tatneft"""	Russia	TRDNS-25000/10	Power Transformers	Y100035	2013	Siemens	Delivered	Network transformer	3 Phase Design	Fluid	GK	Fan	10.5		6.3-6.3	25	D/D-D-0-0	1	RS5.3 III 1250 ? 41.5/K-10193 W	ONAF
Nyzhnekamskaya Tec	"OAO ""Tatneft"""	Russia	TRDNS-25000/10	Power Transformers	Y100036	2013	Siemens	Delivered	Network transformer	3 Phase Design	Fluid	GK	Fan	10.5		6.3-6.3	80	D/D-D-0-0	1	RS5.3 III 1250 ? 41.5/K-10193 W	ONAF
Stavrolen	Synergetic Projects/ Lukoyl	Russia	?D-80000/110	Power Transformers	Y100037	2013	Siemens	Delivered	Generator step-up (GSU) transformer	3 Phase Design	Fluid	Nynas Nytro 11GX	Fan	121		10.5	80	YN/D-11	-	-	ONAF
Stavrolen	Synergetic Projects/ Lukoyl	Russia	?D-80000/110	Power Transformers	Y100038	2013	Siemens	Delivered	Generator step-up (GSU) transformer	3 Phase Design	Fluid	Nynas Nytro 11GX	Fan	121		10.5	80	YN/D-11	-	-	ONAF
Stavrolen	Synergetic Projects/ Lukoyl	Russia	?D-63000/110	Power Transformers	Y100039	2013	Siemens	Delivered	Generator step-up (GSU) transformer	3 Phase Design	Fluid	Nynas Nytro 11GX	Fan	121		10.5	63	YN/D-11	-	-	ONAF
Stavrolen	Synergetic Projects/ Lukoyl	Russia	TDN-10000/110	Power Transformers	Y100040	2013	Siemens	Delivered	Network transformer	3 Phase Design	Fluid	Nynas Nytro 11GX	Fan	10.5		6.6	10	YN/D-11	1	V III 200 Y-76.0/-10 19 1 W	ONAF
Stavrolen	Synergetic Projects/ Lukoyl	Russia	TDNS-10000/110	Power Transformers	Y100041	2013	Siemens	Delivered	Network transformer	3 Phase Design	Fluid	Nynas Nytro 11GX	Fan	10.5		6.3	10	D/D-0	1	V III 350 ?-40-10 19 3 W	ONAF
Stavrolen	Synergetic Projects/ Lukoyl	Russia	TDNS-10000/110	Power Transformers	Y100042	2013	Siemens	Delivered	Network transformer	3 Phase Design	Fluid	Nynas Nytro 11GX	Fan	10.5		6.3	10	D/D-0	1	V III 350 ?-40-10 19 3 W	ONAF
GPP-4		Russia	TRDN-63000/110	Power Transformers	Y100043	2013	Siemens	Delivered	Network transformer	3 Phase Design	Fluid	Nynas Nytro 11GX	Fan	115		6.3-6.3	63	YN/D-D-11-11	1	V III 350 Y-76.0/-10 19 1 W	ONAF
GPP-4		Russia	TRDN-63000/110	Power Transformers	Y100044	2013	Siemens	Delivered	Network transformer	3 Phase Design	Fluid	Nynas Nytro 11GX	Fan	115		6.3-6.3	63	YN/D-D-11-11	1	V III 350 Y-76.0/-10 19 1 W	ONAF
TOZ		Russia	?DN-25000/110	Power Transformers	Y100045	2013	Siemens	Delivered	Network transformer	3 Phase Design	Fluid	Nynas Nytro 11GX	Fan	115		6.6	25	Y/D-11	1	V III 200Y-76-10191W	ONAF
Tulinskaya	"??? ""KvantteckhUral""/??? ""RES"""	Russia	TRDN-63000/110	Power Transformers	Y100046	2013	Siemens	Delivered	Network transformer	3 Phase Design	Fluid	Nynas Nytro 11GX	Fan	115		11--11	63	YN/D-D-11-11	1	V III 350 Y-76.0/-10 19 1 W	ONAF
Efremovskaya	"??? ""KvantteckhUral""/??? ""RES"""	Russia	TRDN-40000/110	Power Transformers	Y100047	2013	Siemens	Delivered	Network transformer	3 Phase Design	Fluid	Nynas Nytro 11GX	Fan	115		11--11	40	YN/D-D-11-11	1	V III 350 Y-76.0/-10 19 1 W	ONAF
Efremovskaya	"??? ""KvantteckhUral""/??? ""RES"""	Russia	TRDN-40000/110	Power Transformers	Y100048	2013	Siemens	Delivered	Network transformer	3 Phase Design	Fluid	Nynas Nytro 11GX	Fan	115		11--11	40	YN/D-D-11-11	1	V III 350 Y-76.0/-10 19 1 W	ONAF
Bozarik	"TOO ""Avrora"""	Kazakhstan	ATDCTN-160000/220	Power Transformers	Y100049	2016	Siemens	Delivered	Network transformer	3 Phase Design	Fluid	GK	Fan/Pump	230	121	11	160	YN ?uto/D-0-11	3	3xCM I 1200/126B-14131 W	ONAN/ONAF/OFAF
Bozarik	"TOO ""Avrora"""	Kazakhstan	ATDCTN-160000/220	Power Transformers	Y100050	2016	Siemens	Delivered	Network transformer	3 Phase Design	Fluid	GK	Fan/Pump	230	121	11	160	YN ?uto/D-0-11	3	3xCM I 1200/126B-14131 W	ONAN/ONAF/OFAF
Bozarik	"TOO ""Avrora"""	Kazakhstan	LTMN-16000/10	Power Transformers	Y100051	2016	Siemens	Delivered	Network transformer	3 Phase Design	Fluid	GK	-	11			16	linear.regulation	1	CV III-350D-40.5-12233 W	ONAN
Bozarik	"TOO ""Avrora"""	Kazakhstan	LTMN-16000/10	Power Transformers	Y100052	2016	Siemens	Delivered	Network transformer	3 Phase Design	Fluid	GK	-	11			16	linear.regulation	1	CV III-350D-40.5-12233 W	ONAN
Haryaga	"??? ""KvantteckhUral""/Total ???"	Russia	TMN-25000/35	Power Transformers	Y100053	2013	Siemens	Delivered	Network transformer	3 Phase Design	Fluid	Nynas Nytro 10XN	-	35		6.3	25	Y/D-11	1	M III 500Y-72.5/B-10 19 3 W	ONAN
Haryaga	"??? ""KvantteckhUral""/Total ???"	Russia	TMN-25000/35	Power Transformers	Y100054	2013	Siemens	Delivered	Network transformer	3 Phase Design	Fluid	Nynas Nytro 10XN	-	35		6.3	25	Y/D-11	1	M III 500Y-72.5/B-10 19 3 W	ONAN
Haryaga	"??? ""KvantteckhUral""/Total ???"	Russia	TM-20000/35	Power Transformers	Y100055	2013	Siemens	Delivered	Network transformer	3 Phase Design	Fluid	Nynas Nytro 10XN	-	38.5		10.5	20	Y/D-11	-	-	ONAN
Haryaga	"??? ""KvantteckhUral""/Total ???"	Russia	TM-20000/35	Power Transformers	Y100056	2013	Siemens	Delivered	Network transformer	3 Phase Design	Fluid	Nynas Nytro 10XN	-	38.5		10.5	20	Y/D-11	-	-	ONAN
Cargill 	"OOO""SIEMENS""/??? ""CARGIL"""	Russia	TRDN-40000/110	Power Transformers	Y100057	2013	Siemens	Delivered	Network transformer	3 Phase Design	Fluid	Nynas Nytro 11GX	-	115		10.5-10.5	40	YN/D-D-11-11	1	V III 350 Y-76.0/-10 19 1 W	ONAN
Belgorodskiy Tsement	"O?O ""Tulenergosetremont"""	Russia	TRDN-40000/110	Power Transformers	Y100058	2013	Siemens	Delivered	Network transformer	3 Phase Design	Fluid	Nynas Nytro 11GX	Fan	115		6.3-6.3	40	YN/D-D-11-11	1	V III 350 Y-76.0/-10 19 1 W	ONAF
Kazfosfat	"TOO ""Kazfosfat"""	Kazakhstan	TRDN-40000/220	Power Transformers	Y100059	2013	Siemens	Delivered	Network transformer	3 Phase Design	Fluid	Nynas Nytro 11GX	Fan	230		11--11	40	YN/D-D-11-11	1	MS III 300Y-72.5-14273 W	ONAF
Kazfosfat	"TOO ""Kazfosfat"""	Kazakhstan	TRDN-40000/220	Power Transformers	Y100060	2013	Siemens	Delivered	Network transformer	3 Phase Design	Fluid	Nynas Nytro 11GX	Fan	230		11--11	40	YN/D-D-11-11	1	MS III 300Y-72.5-14273 W	ONAF
OEMK		Russia	TDTN-40000/110	Power Transformers	Y100061	2013	Siemens	Delivered	Network transformer	3 Phase Design	Fluid	Nynas Nytro 11GX	Fan	115	11	6.3	40	YN/D-D-11-11	1	V III 350 Y-76.0/-10 19 1 WR	ONAF
PS Flagman	"??? ""MOESK"""	Russia	TDN-40000/110	Power Transformers	Y100062	2013	Siemens	Delivered	Network transformer	3 Phase Design	Fluid	Nynas Nytro 10XN	Fan	115		10.5	40	YN/D-11	1	V III 350 Y-76.0/-10 19 1 W	ONAF
PS Flagman	"??? ""MOESK"""	Russia	TDN-40000/110	Power Transformers	Y100063	2013	Siemens	Delivered	Network transformer	3 Phase Design	Fluid	Nynas Nytro 10XN	Fan	115		10.5	40	YN/D-11	1	V III 350 Y-76.0/-10 19 1 W	ONAF
RBZ	RBZ	Kazakhstan	TDTN-40000/110	Power Transformers	Y100064	2014	Siemens	Delivered	Network transformer	3 Phase Design	Fluid	Nynas Nytro 11GX	Fan	115	11	11	40	YN/D-D-11-11	1	RS12-Y-400-72.5-10.19.1W	ONAF
RBZ	RBZ	Kazakhstan	TDTN-40000/110	Power Transformers	Y100065	2014	Siemens	Delivered	Network transformer	3 Phase Design	Fluid	Nynas Nytro 11GX	Fan	115	11	11	40	YN/D-D-11-11	1	RS12-Y-400-72.5-10.19.1W	ONAF
ESPE	ESPE	Kazakhstan	TDTNZH-40000/220	Power Transformers	Y100066	2014	Siemens	Delivered	Network transformer	3 Phase Design	Fluid	Nynas Nytro 11GX	Fan	230	27.5	11	40	YN/D-D-11-11	1	MS III 300Y-72.5/B-14273 W	ONAF
ESPE	ESPE	Kazakhstan	TDTNZH-40000/220	Power Transformers	Y100067	2014	Siemens	Delivered	Network transformer	3 Phase Design	Fluid	Nynas Nytro 11GX	Fan	230	27.5	11	40	YN/D-D-11-11	1	MS III 300Y-72.5/B-14273 W	ONAF
Yamal SPG	"OOO""SIEMENS""/OAO ""Yamal SPG"""	Russia	TD-63000/110	Power Transformers	Y100068	2014	Siemens	Delivered	Generator step-up (GSU) transformer	3 Phase Design	Fluid	Nynas Nytro 10XN	Fan	121		10.5	63	YN/D-11	-	-	ONAF
Yamal SPG	"OOO""SIEMENS""/OAO ""Yamal SPG"""	Russia	TD-63000/110	Power Transformers	Y100069	2014	Siemens	Delivered	Generator step-up (GSU) transformer	3 Phase Design	Fluid	Nynas Nytro 10XN	Fan	121		10.5	63	YN/D-11	-	-	ONAF
Yamal SPG	"OOO""SIEMENS""/OAO ""Yamal SPG"""	Russia	TD-63000/110	Power Transformers	Y100070	2014	Siemens	Delivered	Generator step-up (GSU) transformer	3 Phase Design	Fluid	Nynas Nytro 10XN	Fan	121		10.5	63	YN/D-11	-	-	ONAF
Yamal SPG	"OOO""SIEMENS""/OAO ""Yamal SPG"""	Russia	TD-63000/110	Power Transformers	Y100071	2014	Siemens	Delivered	Generator step-up (GSU) transformer	3 Phase Design	Fluid	Nynas Nytro 10XN	Fan	121		10.5	63	YN/D-11	-	-	ONAF
Yamal SPG	"OOO""SIEMENS""/OAO ""Yamal SPG"""	Russia	TD-63000/110	Power Transformers	Y100072	2014	Siemens	Delivered	Generator step-up (GSU) transformer	3 Phase Design	Fluid	Nynas Nytro 10XN	Fan	121		10.5	63	YN/D-11	-	-	ONAF
Yamal SPG	"OOO""SIEMENS""/OAO ""Yamal SPG"""	Russia	TD-63000/110	Power Transformers	Y100073	2014	Siemens	Delivered	Generator step-up (GSU) transformer	3 Phase Design	Fluid	Nynas Nytro 10XN	Fan	121		10.5	63	YN/D-11	-	-	ONAF
Yamal SPG	"OOO""SIEMENS""/OAO ""Yamal SPG"""	Russia	TD-63000/110	Power Transformers	Y100074	2014	Siemens	Delivered	Generator step-up (GSU) transformer	3 Phase Design	Fluid	Nynas Nytro 10XN	Fan	121		10.5	63	YN/D-11	-	-	ONAF
Yamal SPG	"OOO""SIEMENS""/OAO ""Yamal SPG"""	Russia	TD-63000/110	Power Transformers	Y100075	2014	Siemens	Delivered	Generator step-up (GSU) transformer	3 Phase Design	Fluid	Nynas Nytro 10XN	Fan	121		10.5	63	YN/D-11	-	-	ONAF
Yamal SPG	"OOO""SIEMENS""/OAO ""Yamal SPG"""	Russia	TD-63000/110	Power Transformers	Y100076	2014	Siemens	Delivered	Generator step-up (GSU) transformer	3 Phase Design	Fluid	Nynas Nytro 10XN	Fan	121		10.5	63	YN/D-11	-	-	ONAF
Lenenergo PS 48	"OAO ""Lenenergo"""	Russia	TDTN-63000/110	Power Transformers	Y100077	2013	Siemens	Delivered	Network transformer	3 Phase Design	Fluid	Nynas Nytro 11GX	Fan	115	38.5	11	63	YN/YN/D-0-11	1	V III 350 Y-76.0/-10 19 1 W	ONAF
Lenenergo PS 48	"OAO ""Lenenergo"""	Russia	TDTN-63000/110	Power Transformers	Y100078	2013	Siemens	Delivered	Network transformer	3 Phase Design	Fluid	Nynas Nytro 11GX	Fan	115	38.5	11	63	YN/YN/D-0-11	1	V III 350 Y-76.0/-10 19 1 W	ONAF
Lenenergo PS 526	"OAO ""Lenenergo"""	Russia	TRDN-63000/110	Power Transformers	Y100079	2014	Siemens	Delivered	Network transformer	3 Phase Design	Fluid	Nynas Nytro 11GX	Fan	115		11--11	63	YN/D-D-11-11	1	VV III 400 Y-76.0/-10 19 1 W	ONAF
Lenenergo PS 526	"OAO ""Lenenergo"""	Russia	TRDN-63000/110	Power Transformers	Y100080	2014	Siemens	Delivered	Network transformer	3 Phase Design	Fluid	Nynas Nytro 11GX	Fan	115		11--11	63	YN/D-D-11-11	1	VV III 400 Y-76.0/-10 19 1 W	ONAF
Zaragizhskie MGES	"?? ""Malie GES KBR"""	Russia	TD-25000/110	Power Transformers	Y100081	2013	Siemens	Delivered	Generator step-up (GSU) transformer	3 Phase Design	Fluid	Nynas Nytro 11GX	Fan	121		10.5	25	YN/D-11	-	-	ONAF
Zaragizhskie MGES	"?? ""Malie GES KBR"""	Russia	TD-25000/110	Power Transformers	Y100082	2013	Siemens	Delivered	Generator step-up (GSU) transformer	3 Phase Design	Fluid	Nynas Nytro 11GX	Fan	121		10.5	25	YN/D-11	-	-	ONAF
Almazovo	"??? ""MOESK"""	Russia	TRDN-63000/110	Power Transformers	Y100083	2013	Siemens	Delivered	Network transformer	3 Phase Design	Fluid	Nynas Nytro 11GX	Fan	115		10.5-10.5	63	YN/D-D-11-11	1	V III 350 Y-76.0/-10 19 1 WR	ONAF
Almazovo	"??? ""MOESK"""	Russia	TRDN-63000/110	Power Transformers	Y100084	2013	Siemens	Delivered	Network transformer	3 Phase Design	Fluid	Nynas Nytro 11GX	Fan	115		10.5-10.5	63	YN/D-D-11-11	1	V III 350 Y-76.0/-10 19 1 WR	ONAF
Fryazino	"??? ""MOESK"""	Russia	TDTN-40000/110	Power Transformers	Y100085	2013	Siemens	Delivered	Network transformer	3 Phase Design	Fluid	Nynas Nytro 11GX	Fan	115	34.5	11	40	YN/YN/D-0-11	1	VV III 250 Y-76.0/-10 19 1 W	ONAF
Vodokanal	"GUP ""Vodokanal St-Peterburg"""	Russia	TRDN-40000/110	Power Transformers	Y100086	2013	Siemens	Delivered	Network transformer	3 Phase Design	Fluid	Nynas Nytro 11GX	Fan	115		10.5-6.3	40	YN/D-D-11-11	1	V III 350 Y-76.0/-10 19 1 W	ONAF
Vodokanal	"GUP ""Vodokanal St-Peterburg"""	Russia	TRDN-40000/110	Power Transformers	Y100087	2013	Siemens	Delivered	Network transformer	3 Phase Design	Fluid	Nynas Nytro 11GX	Fan	115		10.5-6.3	40	YN/D-D-11-11	1	V III 350 Y-76.0/-10 19 1 W	ONAF
Tyagovaya 2015	Eurockim-H??	Russia	TDN-16000/110	Power Transformers	Y100088	2014	Siemens	Delivered	Network transformer	3 Phase Design	Fluid	Nynas Nytro 11GX	Fan	115		11	16	YN/D-11	1	V III 200 Y-76.0/-10 19 1 WR	ONAF
Tyagovaya 2015	Eurockim-H??	Russia	TDN-16000/110	Power Transformers	Y100089	2014	Siemens	Delivered	Network transformer	3 Phase Design	Fluid	Nynas Nytro 11GX	Fan	115		11	16	YN/D-11	1	V III 200 Y-76.0/-10 19 1 WR	ONAF
Kronospan	??? ®Kronospan OSB¯	Russia	TRDN-40000/110	Power Transformers	Y100090	2013	Siemens	Delivered	Network transformer	3 Phase Design	Fluid	Nynas Nytro 11GX	Fan	115		11--11	40	YN/D-D-11-11	1	V III 350 Y-76.0/-10 19 1 WR	ONAF
Kronospan	??? ®Kronospan OSB¯	Russia	TRDN-40000/110	Power Transformers	Y100091	2013	Siemens	Delivered	Network transformer	3 Phase Design	Fluid	Nynas Nytro 11GX	Fan	115		11--11	40	YN/D-D-11-11	1	V III 350 Y-76.0/-10 19 1 WR	ONAF
Aeroport	Astana-REK	Kazakhstan	TRDN-63000/110	Power Transformers	Y100092	2013	Siemens	Delivered	Network transformer	3 Phase Design	Fluid	Nynas Nytro 11GX	Fan	115		20--20	63	YN/D-D-11-11	1	V III 350 Y-76.0/-10 19 1 W	ONAF
Aeroport	Astana-REK	Kazakhstan	TRDN-63000/110	Power Transformers	Y100093	2013	Siemens	Delivered	Network transformer	3 Phase Design	Fluid	Nynas Nytro 11GX	Fan	115		20--20	63	YN/D-D-11-11	1	V III 350 Y-76.0/-10 19 1 W	ONAF
Olimp	Astana-REK	Kazakhstan	TRDN-63000/110	Power Transformers	Y100094	2013	Siemens	Delivered	Network transformer	3 Phase Design	Fluid	Nynas Nytro 11GX	Fan	115		20--20	63	YN/D-D-11-11	1	V III 350 Y-76.0/-10 19 1 W	ONAF
Olimp	Astana-REK	Kazakhstan	TRDN-63000/110	Power Transformers	Y100095	2013	Siemens	Delivered	Network transformer	3 Phase Design	Fluid	Nynas Nytro 11GX	Fan	115		20--20	63	YN/D-D-11-11	1	V III 350 Y-76.0/-10 19 1 W	ONAF
PGV-2	??? ®KirishiNefteOrgSintez¯	Russia	TRDN-80000/110	Power Transformers	Y100096	2014	Siemens	Delivered	Network transformer	3 Phase Design	Fluid	Nynas Nytro 10XN	Fan	115		6.3-6.3	80	YN/D-D-11-11	1	M III 500Y-72.5/B-10 19 1 W	ONAF
Kamakaliy	Eurockim-UKK	Russia	TDTN-63000/220	Power Transformers	Y100097	2014	Siemens	Delivered	Network transformer	3 Phase Design	Fluid	Nynas Nytro 11GX	Fan	230		6.6-6.6	63	YN/D-D-11-11	1	MS III 300Y-72.5-14273 W	ONAF
Kamakaliy	Eurockim-UKK	Russia	TDTN-63000/220	Power Transformers	Y100098	2014	Siemens	Delivered	Network transformer	3 Phase Design	Fluid	Nynas Nytro 11GX	Fan	230		6.6-6.6	63	YN/D-D-11-11	1	MS III 300Y-72.5-14273 W	ONAF
Kamakaliy	Eurockim-UKK	Russia	TDTN-63000/220	Power Transformers	Y100099	2014	Siemens	Delivered	Network transformer	3 Phase Design	Fluid	Nynas Nytro 11GX	Fan	230		6.6-6.6	63	YN/D-D-11-11	1	MS III 300Y-72.5-14273 W	ONAF
Yanino-2	"??? ""LOESK"""	Russia	TRDN-63000/110	Power Transformers	Y100100	2013	Siemens	Delivered	Network transformer	3 Phase Design	Fluid	Nynas Nytro 11GX	Fan	115		10.5-10.5	63	YN/D-D-11-11	1	V III 350 Y-76.0/-10 19 1 W	ONAF
Yanino-2	"??? ""LOESK"""	Russia	TRDN-63000/110	Power Transformers	Y100101	2013	Siemens	Delivered	Network transformer	3 Phase Design	Fluid	Nynas Nytro 11GX	Fan	115		10.5-10.5	63	YN/D-D-11-11	1	V III 350 Y-76.0/-10 19 1 W	ONAF
TEC-12	"PAO ""Mosenergo"""	Russia	TRDCN-100000/110	Power Transformers	Y100102	2014	Siemens	Delivered	Network transformer	3 Phase Design	Fluid	Nynas Nytro 11GX	Fan/Pump	115		11--11	100	YN/D-D-11-11	1	M III 600Y-72.5/B-10 19 1 W	OFAF
TEC-12	"PAO ""Mosenergo"""	Russia	TRDCN-100000/110	Power Transformers	Y100103	2014	Siemens	Delivered	Network transformer	3 Phase Design	Fluid	Nynas Nytro 11GX	Fan/Pump	115		11--11	100	YN/D-D-11-11	1	M III 600Y-72.5/B-10 19 1 W	OFAF
BMZ(PS_Stal)	"OAO ""BMZ"""	Russia	TRDN-100000/110	Power Transformers	Y100104	2014	Siemens	Delivered	Network transformer	3 Phase Design	Fluid	Nynas Nytro 11GX	Fan	115		11--11	100	YN/YN-YN-0-0	1	M III 600Y-72.5/B-10 19 3 W	ONAF
BMZ(PS_Stal)	"OAO ""BMZ"""	Russia	TRDN-100000/110	Power Transformers	Y100105	2014	Siemens	Delivered	Network transformer	3 Phase Design	Fluid	Nynas Nytro 11GX	Fan	115		11--11	100	YN/YN-YN-0-0	1	M III 600Y-72.5/B-10 19 3 W	ONAF
Vankor			ATDCTN-125000/220 	Power Transformers	Y100106		Siemens	Delivered	Network transformer	3 Phase Design	Fluid								1		
Vankor			ATDCTN-125000/220 	Power Transformers	Y100107		Siemens	Delivered	Network transformer	3 Phase Design	Fluid								1		
Erementau	"VES ""?erementau 1"""	Kazakhstan	TDTN-63000/220	Power Transformers	Y100108	2014	Siemens	Delivered	Network transformer	3 Phase Design	Fluid	Nynas Nytro 11GX	Fan	230		38.5	63	YN/YN-0	1	MS III 300Y-72.5-14273 W	ONAF
Kotlovka	"??? ""RIT""/?? ""OEK"""	Russia	TRDCN-200000/220	Power Transformers	Y100110	2014	Siemens	Delivered	Network transformer	3 Phase Design	Fluid	Nynas Nytro 11GX	Fan/Pump	230		22-22	200	YN/YN-YN-0-0	1	M III 600Y-72.5/B-10 19 1 W	OFAF
Kotlovka	"??? ""RIT""/?? ""OEK"""	Russia	TRDCN-200000/220	Power Transformers	Y100111	2014	Siemens	Delivered	Network transformer	3 Phase Design	Fluid	Nynas Nytro 11GX	Fan/Pump	230		22-22	200	YN/YN-YN-0-0	1	M III 600Y-72.5/B-10 19 1 W	OFAF
Trebsa-Titova			ATDCTN-63000/220 	Power Transformers	Y100112	2014	Siemens	Delivered	Network transformer	3 Phase Design	Fluid	Nynas Nytro 10XN	Fan	230	121	38.5	63	YN auto/D-0-11	3	3xVRC I 401-170/B-10193 W	ONAF
Trebsa-Titova			ATDCTN-63000/220 	Power Transformers	Y100113	2014	Siemens	Delivered	Network transformer	3 Phase Design	Fluid	Nynas Nytro 10XN	Fan/Pump	230	121	38.5	63	YN auto/D-0-11	3	3xVRC I 401-170/B-10193 W	OFAF
Olovozavodskaya	"?? ""RES"""	Russia	TRDN-63000/110	Power Transformers	Y100114	2014	Siemens	Delivered	Network transformer	3 Phase Design	Fluid	Nynas Nytro 10XN	Fan	115		11--11	63	YN/D-D-11-11	1	V III 350 Y-76.0/-10 19 1 W	ONAF
Olovozavodskaya	"?? ""RES"""	Russia	TRDN-63000/110	Power Transformers	Y100115	2014	Siemens	Delivered	Network transformer	3 Phase Design	Fluid	Nynas Nytro 10XN	Fan	115		11--11	63	YN/D-D-11-11	1	V III 350 Y-76.0/-10 19 1 W	ONAF
Ulan Bator	"ZAO ""ROTEK""/ ??""TEC-4"""	Mongolia	TDC-160000/220	Power Transformers	Y100116	2014	Siemens	Delivered	Network transformer	3 Phase Design	Fluid	Nynas Nytro 10XN	Fan/Pump	242		10.5	160	YN/D-11	-	-	OFAF
TEC-17	"??? ""PPTK""/PAO ""Mosenergo"""	Russia	TDN-40000/110	Power Transformers	Y100117	2014	Siemens	Delivered	Network transformer	3 Phase Design	Fluid	Nynas Nytro 11GX	Fan	115		10.5	40	YN/D-11	1	V III 350 Y-76.0/-10 19 1 W	ONAF
Centralnaya  	"??? ""TGK-1"""	Russia	TD-80000/110	Power Transformers	Y100118	2014	Siemens	Delivered	Generator step-up (GSU) transformer	3 Phase Design	Fluid	Nynas Nytro 11GX	Fan	121		10.5	80	YN/D-11	-	-	ONAF
Centralnaya  	"??? ""TGK-1"""	Russia	TD-80000/110	Power Transformers	Y100119	2014	Siemens	Delivered	Generator step-up (GSU) transformer	3 Phase Design	Fluid	Nynas Nytro 11GX	Fan	121		10.5	80	YN/D-11	-	-	ONAF
TAIF-NK	"???""TAIF-NK"" "	Russia	TRDCN-100000/110	Power Transformers	Y100120	2014	Siemens	Delivered	Network transformer	3 Phase Design	Fluid	Nynas Nytro 10XN	Fan/Pump	115		10.5-10.5	100	YN/D-D-11-11	1	M III 600Y-72.5/B-10 19 1	OFAF
TAIF-NK	"???""TAIF-NK"" "	Russia	TRDCN-100000/110	Power Transformers	Y100121	2014	Siemens	Delivered	Network transformer	3 Phase Design	Fluid	Nynas Nytro 10XN	Fan/Pump	115		10.5-10.5	100	YN/D-D-11-11	1	M III 600Y-72.5/B-10 19 1	OFAF
TAIF-NK	"???""TAIF-NK"" "	Russia	TRDCN-100000/110	Power Transformers	Y100122	2014	Siemens	Delivered	Network transformer	3 Phase Design	Fluid	Nynas Nytro 10XN	Fan/Pump	115		10.5-10.5	100	YN/D-D-11-11	1	M III 600Y-72.5/B-10 19 1	OFAF
Uralkaliy	"PAO ""Uralkaliy"""	Russia	ATDCTN-125000/220 	Power Transformers	Y100123	2014	Siemens	Delivered	Network transformer	3 Phase Design	Fluid	Nynas Nytro 11GX	Fan/Pump	230	121	6.6	125	YN auto/D-0-11	3	3xM I 802-170/C-14131 WR	OFAF
Uralkaliy	"PAO ""Uralkaliy"""	Russia	ATDCTN-125000/220 	Power Transformers	Y100124	2014	Siemens	Delivered	Network transformer	3 Phase Design	Fluid	Nynas Nytro 11GX	Fan/Pump	230	121	6.6	125	YN auto/D-0-11	3	3xM I 802-170/C-14131 WR	OFAF
Uralkaliy	"PAO ""Uralkaliy"""	Russia	TRDN-63000/110	Power Transformers	Y100125	2014	Siemens	Delivered	Network transformer	3 Phase Design	Fluid	Nynas Nytro 11GX	Fan	115		6.6-6.6	63	YN/D-D-11-11	1	V III 350 Y-76.0/-10 19 1 WR	ONAF
Uralkaliy	"PAO ""Uralkaliy"""	Russia	TRDN-63000/110	Power Transformers	Y100126	2014	Siemens	Delivered	Network transformer	3 Phase Design	Fluid	Nynas Nytro 11GX	Fan	115		6.6-6.6	63	YN/D-D-11-11	1	V III 350 Y-76.0/-10 19 1 WR	ONAF
Uralkaliy	"PAO ""Uralkaliy"""	Russia	TRDN-40000/110	Power Transformers	Y100127	2014	Siemens	Delivered	Network transformer	3 Phase Design	Fluid	Nynas Nytro 11GX	Fan	115		11--11	40	YN/D-D-11-11	1	V III 350 Y-76.0/-10 19 1 WR	ONAF
Uralkaliy	"PAO ""Uralkaliy"""	Russia	TRDN-40000/110	Power Transformers	Y100128	2014	Siemens	Delivered	Network transformer	3 Phase Design	Fluid	Nynas Nytro 11GX	Fan	115		11--11	40	YN/D-D-11-11	1	V III 350 Y-76.0/-10 19 1 WR	ONAF
Uralkaliy	"PAO ""Uralkaliy"""	Russia	TRDN-25000/110	Power Transformers	Y100129	2014	Siemens	Delivered	Network transformer	3 Phase Design	Fluid	Nynas Nytro 11GX	Fan	115		6.6-6.6	25	YN/D-D-11-11	1	V III 200 Y-76.0/-10 19 1 WR	ONAF
Uralkaliy	"PAO ""Uralkaliy"""	Russia	TRDN-25000/110	Power Transformers	Y100130	2014	Siemens	Delivered	Network transformer	3 Phase Design	Fluid	Nynas Nytro 11GX	Fan	115		6.6-6.6	25	YN/D-D-11-11	1	V III 200 Y-76.0/-10 19 1 WR	ONAF
PS Vostok	"??? ""NPO ""SPb EK"" "	Russia	TRDN-63000/110	Power Transformers	Y100131	2014	Siemens	Delivered	Network transformer	3 Phase Design	Fluid	Nynas Nytro 11GX	Fan	115		22-22	63	YN/D-D-11-11	1	VV III 400 Y-76.0/-10 19 1 WR	ONAF
PS Vostok	"??? ""NPO ""SPb EK"" "	Russia	TRDN-63000/110	Power Transformers	Y100132	2014	Siemens	Delivered	Network transformer	3 Phase Design	Fluid	Nynas Nytro 11GX	Fan	115		22-22	63	YN/D-D-11-11	1	VV III 400 Y-76.0/-10 19 1 WR	ONAF
Izmailovskaya Perspektiva	"??? ""ABB"""	Russia	TRDN-63000/110	Power Transformers	Y100133	2014	Siemens	Delivered	Network transformer	3 Phase Design	Fluid	Nynas Nytro 11GX	Fan	115		11--11	63	YN/D-D-11-11	1	V III 350 Y-76.0/-10 19 1 W	ONAF
Izmailovskaya Perspektiva	"??? ""ABB"""	Russia	TRDN-63000/110	Power Transformers	Y100134	2014	Siemens	Delivered	Network transformer	3 Phase Design	Fluid	Nynas Nytro 11GX	Fan	115		11--11	63	YN/D-D-11-11	1	V III 350 Y-76.0/-10 19 1 W	ONAF
Yamal-2	"OOO""SIEMENS""/OAO ""Novatek"""	Russia	TDN-125000/110	Power Transformers	Y100135	2015	Siemens	Delivered	Network transformer	3 Phase Design	Fluid	Midel 7131	Fan	110		36.6	125	YN/D-D-11-11	1	VRC III 700Y-72.5/D-12233G	ONAF
Yamal-2	"OOO""SIEMENS""/OAO ""Novatek"""	Russia	TDN-125000/110	Power Transformers	Y100136	2015	Siemens	Delivered	Network transformer	3 Phase Design	Fluid	Midel 7131	Fan	110		36.6	125	YN/D-D-11-11	1	VRC III 700Y-72.5/D-12233G	ONAF
Yamal-2	"OOO""SIEMENS""/OAO ""Novatek"""	Russia	TDN-85000/110	Power Transformers	Y100137	2015	Siemens	Delivered	Network transformer	3 Phase Design	Fluid	Midel 7131	Fan	110		36.6	85	YN/D-D-11-11	1	VM III 500Y-72.5/C-12233G	ONAF
Yamal-2	"OOO""SIEMENS""/OAO ""Novatek"""	Russia	TDN-85000/110	Power Transformers	Y100138	2015	Siemens	Delivered	Network transformer	3 Phase Design	Fluid	Midel 7131	Fan	110		36.6	85	YN/D-D-11-11	1	VM III 500Y-72.5/C-12233G	ONAF
Yamal-2	"OOO""SIEMENS""/OAO ""Novatek"""	Russia	TDN-85000/110	Power Transformers	Y100139	2015	Siemens	Delivered	Network transformer	3 Phase Design	Fluid	Midel 7131	Fan	110		36.6	85	YN/D-D-11-11	1	VM III 500Y-72.5/C-12233G	ONAF
Yamal-2	"OOO""SIEMENS""/OAO ""Novatek"""	Russia	TDN-85000/110	Power Transformers	Y100140	2015	Siemens	Delivered	Network transformer	3 Phase Design	Fluid	Midel 7131	Fan	110		36.6	85	YN/D-D-11-11	1	VM III 500Y-72.5/C-12233G	ONAF
Yamal-2	"OOO""SIEMENS""/OAO ""Novatek"""	Russia	TDN-85000/110	Power Transformers	Y100141	2015	Siemens	Delivered	Network transformer	3 Phase Design	Fluid	Midel 7131	Fan	110		36.6	85	YN/D-D-11-11	1	VM III 500Y-72.5/C-12233G	ONAF
Yamal-2	"OOO""SIEMENS""/OAO ""Novatek"""	Russia	TDN-85000/110	Power Transformers	Y100142	2015	Siemens	Delivered	Network transformer	3 Phase Design	Fluid	Midel 7131	Fan	110		36.6	85	YN/D-D-11-11	1	VM III 500Y-72.5/C-12233G	ONAF
Yamal-2	"OOO""SIEMENS""/OAO ""Novatek"""	Russia	TN-63000/35	Power Transformers	Y100143	2015	Siemens	Delivered	Network transformer	3 Phase Design	Fluid	Midel 7131	-	35		10.5	63	D/YN-11	-	-	ONAN
Yamal-2	"OOO""SIEMENS""/OAO ""Novatek"""	Russia	?N-63000/35	Power Transformers	Y100144	2015	Siemens	Delivered	Network transformer	3 Phase Design	Fluid	Midel 7131	-	35		10.5	63	D/YN-11	-	-	ONAN
Yamal-2	"OOO""SIEMENS""/OAO ""Novatek"""	Russia	TN-40000/35	Power Transformers	Y100145	2015	Siemens	Delivered	Network transformer	3 Phase Design	Fluid	Midel 7131	-	35		10.5	40	D/YN-11	-	-	ONAN
Yamal-2	"OOO""SIEMENS""/OAO ""Novatek"""	Russia	TN-40000/35	Power Transformers	Y100146	2015	Siemens	Delivered	Network transformer	3 Phase Design	Fluid	Midel 7131	-	35		10.5	40	D/YN-11	-	-	ONAN
Yamal-2	"OOO""SIEMENS""/OAO ""Novatek"""	Russia	TN-40000/35	Power Transformers	Y100147	2015	Siemens	Delivered	Network transformer	3 Phase Design	Fluid	Midel 7131	-	35		10.5	40	D/YN-11	-	-	ONAN
Yamal-2	"OOO""SIEMENS""/OAO ""Novatek"""	Russia	TN-40000/35	Power Transformers	Y100148	2015	Siemens	Delivered	Network transformer	3 Phase Design	Fluid	Midel 7131	-	35		10.5	40	D/YN-11	-	-	ONAN
Yamal-2	"OOO""SIEMENS""/OAO ""Novatek"""	Russia	?N-40000/35	Power Transformers	Y100149	2015	Siemens	Delivered	Network transformer	3 Phase Design	Fluid	Midel 7131	-	35		10.5	40	D/YN-11	-	-	ONAN
Yamal-2	"OOO""SIEMENS""/OAO ""Novatek"""	Russia	?N-40000/35	Power Transformers	Y100150	2015	Siemens	Delivered	Network transformer	3 Phase Design	Fluid	Midel 7131	-	35		10.5	40	D/YN-11	-	-	ONAN
Yamal-2	"OOO""SIEMENS""/OAO ""Novatek"""	Russia	?N-31500/35 	Power Transformers	Y100151	2015	Siemens	Delivered	Network transformer	3 Phase Design	Fluid	Midel 7131	-	35		10.5	31.5	D/YN-11	-	-	ONAN
Yamal-2	"OOO""SIEMENS""/OAO ""Novatek"""	Russia	?N-31500/35 	Power Transformers	Y100152	2015	Siemens	Delivered	Network transformer	3 Phase Design	Fluid	Midel 7131	-	35		10.5	31.5	D/YN-11	-	-	ONAN
Yamal-2	"OOO""SIEMENS""/OAO ""Novatek"""	Russia	?N-31500/35 	Power Transformers	Y100153	2015	Siemens	Delivered	Network transformer	3 Phase Design	Fluid	Midel 7131	-	35		10.5	31.5	D/YN-11	-	-	ONAN
Yamal-2	"OOO""SIEMENS""/OAO ""Novatek"""	Russia	?N-31500/35 	Power Transformers	Y100154	2015	Siemens	Delivered	Network transformer	3 Phase Design	Fluid	Midel 7131	-	35		10.5	31.5	D/YN-11	-	-	ONAN
Yamal-2	"OOO""SIEMENS""/OAO ""Novatek"""	Russia	?N-20000/35	Power Transformers	Y100155	2015	Siemens	Delivered	Network transformer	3 Phase Design	Fluid	Midel 7131	-	35		10.5	20	D/YN-11	-	-	ONAN
Yamal-2	"OOO""SIEMENS""/OAO ""Novatek"""	Russia	?N-20000/35	Power Transformers	Y100156	2015	Siemens	Delivered	Network transformer	3 Phase Design	Fluid	Midel 7131	-	35		10.5	20	D/YN-11	-	-	ONAN
Yamal-2	"OOO""SIEMENS""/OAO ""Novatek"""	Russia	TMN-50000/110	Power Transformers	Y100157	2015	Siemens	Delivered	Network transformer	3 Phase Design	Fluid	Midel 7131	-	110		10.5	50	YN/YN/D-0-11	1	VM III 350-72.5/C 10 19 1 G	ONAN
Yamal-2	"OOO""SIEMENS""/OAO ""Novatek"""	Russia	TMN-50000/110	Power Transformers	Y100158	2015	Siemens	Delivered	Network transformer	3 Phase Design	Fluid	Midel 7131	-	110		10.5	50	YN/YN/D-0-11	1	VM III 350-72.5/C 10 19 1 G	ONAN
Yamal-2	"OOO""SIEMENS""/OAO ""Novatek"""	Russia	TM-16000/35	Power Transformers	Y100159	2015	Siemens	Delivered	Network transformer	3 Phase Design	Fluid	Midel 7131	-	35		10.5	16	D/YN-11	-	-	ONAN
Yamal-2	"OOO""SIEMENS""/OAO ""Novatek"""	Russia	TM-16000/35	Power Transformers	Y100160	2015	Siemens	Delivered	Network transformer	3 Phase Design	Fluid	Midel 7131	-	35		10.5	16	D/YN-11	-	-	ONAN
Apatity	"??? NPO ""SPb EK""/ ??? ""Apatit"""	Russia	TDTN-63000/150	Power Transformers	Y100161	2014	Siemens	Delivered	Network transformer	3 Phase Design	Fluid	Nynas Nytro 10XN	Fan	158	38.5	6.6	16	YN/YN/D-0-11	1	V III 350 Y-123.0/-10 19 3 W	ONAF
Apatity	"??? NPO ""SPb EK""/ ??? ""Apatit"""	Russia	TDTN-63000/150	Power Transformers	Y100162	2014	Siemens	Delivered	Network transformer	3 Phase Design	Fluid	Nynas Nytro 10XN	Fan	158	38.5	6.6	16	YN/YN/D-0-11	1	V III 350 Y-123.0/-10 19 3 W	ONAF
Rudnichnaya	"???""Siemens""/???""Eurochim"""	Kazakhstan	TDN-40000/110	Power Transformers	Y100163	2014	Siemens	Delivered	Network transformer	3 Phase Design	Fluid	Nynas Nytro 11GX	Fan	115		6.6	40	YN/D-11	1	V III 200 Y-76.0/-10 19 1 W	ONAF
Rudnichnaya	"???""Siemens""/???""Eurochim"""	Kazakhstan	TDN-40000/110	Power Transformers	Y100164	2014	Siemens	Delivered	Network transformer	3 Phase Design	Fluid	Nynas Nytro 11GX	Fan	115		6.6	40	YN/D-11	1	V III 200 Y-76.0/-10 19 1 W	ONAF
Promyshlennaya	"?? ""PREK"""	Kazakhstan	ATDCTN-125000/220 	Power Transformers	Y100165	2015	Siemens	Delivered	Network transformer	3 Phase Design	Fluid	Nynas Nytro 11GX	Fan/Pump	230	121	10.5	125	YN auto/D-0-11	3	3xRS9.3-I-630-170/M 14 13 1 W	ONAN/ONAF/OFAF
Promyshlennaya	"?? ""PREK"""	Kazakhstan	ATDCTN-125000/220 	Power Transformers	Y100166	2015	Siemens	Delivered	Network transformer	3 Phase Design	Fluid	Nynas Nytro 11GX	Fan/Pump	230	121	10.5	125	YN auto/D-0-11	3	3xRS9.3-I-630-170/M 14 13 1 W	ONAN/ONAF/OFAF
TermoGasMachala	ENEX energoexpert/CELEC EP	Ekvador	TD-200000/230	Power Transformers	Y100167	2014	Siemens	Delivered	Generator step-up (GSU) transformer	3 Phase Design	Fluid	Nynas Nytro 10XN	Fan	230		13.8	200	YN/D-1	-	-	ONAF
TermoGasMachala	ENEX energoexpert/CELEC EP	Ekvador	ATDT-250000/230	Power Transformers	Y100168	2015	Siemens	Delivered	Network transformer	3 Phase Design	Fluid	Nynas Nytro 10XN	Fan	230		13.8	250	YNa0d1	-	-	ONAN/ONAF1/ONAF2
TermoGasMachala	ENEX energoexpert/CELEC EP	Ekvador	TD-125000/230	Power Transformers	Y100169	2015	Siemens	Delivered	Generator step-up (GSU) transformer	3 Phase Design	Fluid	Nynas Nytro 10XN	Fan	230		13.8	125	YNd1	-	-	ONAN/ONAF1/ONAF2
TermoGasMachala	ENEX energoexpert/CELEC EP	Ekvador	TD-125000/230	Power Transformers	Y100170	2015	Siemens	Delivered	Generator step-up (GSU) transformer	3 Phase Design	Fluid	Nynas Nytro 10XN	Fan	230		13.8	125	YNd1	-	-	ONAN/ONAF1/ONAF2
TermoGasMachala	ENEX energoexpert/CELEC EP	Ekvador	TD-125000/230	Power Transformers	Y100171	2015	Siemens	Delivered	Generator step-up (GSU) transformer	3 Phase Design	Fluid	Nynas Nytro 10XN	Fan	230		13.8	125	YNd1	-	-	ONAN/ONAF1/ONAF2
TermoGasMachala	ENEX energoexpert/CELEC EP	Ekvador	TD-16000/15	Power Transformers	Y100172	2015	Siemens	Delivered	Generator step-up (GSU) transformer	3 Phase Design	Fluid	Nynas Nytro 10XN	Fan	13.8	138	4.16	16	Dd0	-	-	ONAF
TermoGasMachala	ENEX energoexpert/CELEC EP	Ekvador	TD-16000/15	Power Transformers	Y100173	2015	Siemens	Delivered	Generator step-up (GSU) transformer	3 Phase Design	Fluid	Nynas Nytro 10XN	Fan	13.8		4.16	16	Dd0	-	-	ONAF
Dunga	"FK ""Maersk Oil Kazakhstan Gmbh"""	Kazakhstan	TDN-16000/35	Power Transformers	Y100174	2014	Siemens	Delivered	Network transformer	3 Phase Design	Fluid	Nynas Nytro 10XN	Fan	36.75		5.5	16	YN/D-11	1	V III 350Y-76.0-10193 W	ONAF
Dunga	"FK ""Maersk Oil Kazakhstan Gmbh"""	Kazakhstan	TDN-16000/35	Power Transformers	Y100175	2014	Siemens	Delivered	Network transformer	3 Phase Design	Fluid	Nynas Nytro 10XN	Fan	36.75		5.5	16	YN/D-11	1	V III 350Y-76.0-10193 W	ONAF
Electron	??? FSK EES	Russia	ATDCTN-125000/220 	Power Transformers	Y100176	2014	Siemens	Delivered	Network transformer	3 Phase Design	Fluid	Nynas Nytro 11GX	Fan/Pump	230	121	10.5	125	YN auto/D-0-11	3	3xM I 802-170/C-14 131W	ONAN/ONAF/OFAF
Taraz		Kazakhstan	TDTN-125000/220	Power Transformers	Y100177	2015	Siemens	Delivered	Network transformer	3 Phase Design	Fluid	GK	Fan	230	36.6	10.5	125	YN/YN/D-0-11	1	RS 9.3 III Y 400 - 72.5 / K 14.27.3W	ONAF
Taraz		Kazakhstan	TDTN-125000/220	Power Transformers	Y100178	2015	Siemens	Delivered	Network transformer	3 Phase Design	Fluid	GK	Fan	230	36.6	10.5	125	YN/YN/D-0-11	1	RS 9.3 III Y 400 - 72.5 / K 14.27.3W	ONAF
TOZ 2	"??? ""TOZ"""	Russia	TDN-25000/110	Power Transformers	Y100179	2014	Siemens	Delivered	Network transformer	3 Phase Design	Fluid	Nynas Nytro 11GX	Fan	115		6.6	25	YN/D-11	1	V III 200Y-76-10 191WR	ONAF
				Power Transformers	Y100180 (Y100079) 		Siemens	Delivered		3 Phase Design	Fluid		Fan						1		
				Power Transformers	Y100181 (Y100080)		Siemens	Delivered		3 Phase Design	Fluid		Fan						1		
TEC-9 Mosenergo	"PAO ""Mosenergo"""	Russia	TD-80000/110	Power Transformers	Y100182	2014	Siemens	Delivered	Generator step-up (GSU) transformer	3 Phase Design	Fluid	GK	Fan	121		10.5	80	YN/D-11	1	-	ONAF
Klayzma	"??? ""MOESK"""	Russia	TDN-63000/110	Power Transformers	Y100183	2014	Siemens	Delivered	Network transformer	3 Phase Design	Fluid	Nynas Nytro 11GX	Fan	115		6.6	63	YN/D-11	1	V III 350 Y-76.0-10 19 1 W	ONAF
Klayzma	"??? ""MOESK"""	Russia	TDN-63000/110	Power Transformers	Y100184	2014	Siemens	Delivered	Network transformer	3 Phase Design	Fluid	Nynas Nytro 11GX	Fan	115		6.6	63	YN/D-11	1	V III 350 Y-76.0-10 19 1 W	ONAF
				Power Transformers	Y100185		Siemens	Delivered		3 Phase Design	Fluid										
				Power Transformers	Y100186		Siemens	Delivered		3 Phase Design	Fluid										
Bersenevskaya	"??? ""OEK"""	Russia	TDCTN-160000/110	Power Transformers	Y100187	2015	Siemens	Delivered	Network transformer	3 Phase Design	Fluid	Midel 7131	Fan/Pump	115	22	11	160	YN/YN/D-0-11	2	VRD III 1000Y-72.5/C-10 19 1WR. VM III 350Y-72.5/C-10 19 3WR	OFAF
Bersenevskaya	"??? ""OEK"""	Russia	TDCTN-160000/110	Power Transformers	Y100188	2015	Siemens	Delivered	Network transformer	3 Phase Design	Fluid	Midel 7131	Fan/Pump	115	22	11	160	YN/YN/D-0-11	2	VRD III 1000Y-72.5/C-10 19 1WR. VM III 350Y-72.5/C-10 19 3WR	OFAF
Bersenevskaya	"??? ""OEK"""	Russia	TRDN-40000/22	Power Transformers	Y100189	2015	Siemens	Delivered	Network transformer	3 Phase Design	Fluid	Midel 7131	Fan	22		6.3-6.3	40	YN/D-D-11-11	1	VRD III 1300Y-72.5/C-10193 W	ONAF
Bersenevskaya	"??? ""OEK"""	Russia	TRDN-40000/22	Power Transformers	Y100190	2015	Siemens	Delivered	Network transformer	3 Phase Design	Fluid	Midel 7131	Fan	22		6.3-6.3	40	YN/D-D-11-11	1	VRD III 1300Y-72.5/C-10193 W	ONAF
MMPS	"OOO ""Politekh"""	Russia	TDCN-25000/110	Power Transformers	Y100191	2015	Siemens	Delivered	Network transformer	3 Phase Design	Fluid	Nynas Nytro 11GX	Fan/Pump	115		10.5 (6.3)	25	YN/D-11(D-11)	1	V III 200 Y - 76.0 / 10 19 1 WR	OFAF
Bayterek		Kazakhstan	TRDN-63000/110	Power Transformers	Y100192	2015	Siemens	Delivered	Network transformer	3 Phase Design	Fluid	GK	Fan	115		20--20	63	YN/D-D-11-11	1	RS 12 Y 400 72.5 10 19 1W	ONAF
Bayterek		Kazakhstan	TRDN-63000/110	Power Transformers	Y100193	2015	Siemens	Delivered	Network transformer	3 Phase Design	Fluid	GK	Fan	115		20--20	63	YN/D-D-11-11	1	RS 12 Y 400 72.5 10 19 1W	ONAF
PS Gagarin	"???""SIEMENS""/ ???""EGGER"""	Russia	TDN-50000/110	Power Transformers	Y100194	2015	Siemens	Delivered	Network transformer	3 Phase Design	Fluid	GK	Fan	115		10.5	50	YN/D-11	1	V III 350Y-76.0-10191WR	ONAF
PS Gagarin	"???""SIEMENS""/ ???""EGGER"""	Russia	TDN-50000/110	Power Transformers	Y100195	2015	Siemens	Delivered	Network transformer	3 Phase Design	Fluid	GK	Fan	115		10.5	50	YN/D-11	1	V III 350Y-76.0-10191WR	ONAF
"NPZ ""Aphipskiy"""	"ZAO ""Mosproektstroy""/          ??? ""Aphipskiy NPZ"""	Russia	ATRDCTN-250000/220	Power Transformers	Y100197	2015	Siemens	Delivered	Network transformer	3 Phase Design	Fluid	GK	Fan/Pump	230	121	11	250	Y? auto/D-D-11-11	1	M III 600 Y-72.5/C-14273 WR	OFAF
"NPZ ""Aphipskiy"""	"ZAO ""Mosproektstroy""/          ??? ""Aphipskiy NPZ"""	Russia	ATRDCTN-250000/220	Power Transformers	Y100198	2015	Siemens	Delivered	Network transformer	3 Phase Design	Fluid	GK	Fan/Pump	230	121	11	250	Y? auto/D-D-11-11	1	M III 600 Y-72.5/C-14273 WR	OFAF
PS Stal	OOO Tulachermet-Stal	Russia	TDCNM-63000/220	Power Transformers	Y100199	2016	Siemens	Delivered	Network transformer	3 Phase Design	Fluid	GK	Fan/Pump	220		35	63	YN/D-11	1	MS III 300 Y-72.5-10193 WR	OFAF
PS Stal	OOO Tulachermet-Stal	Russia	TRDCFNM-80000/125000/220	Power Transformers	Y100200	2016	Siemens	Delivered	Network transformer	3 Phase Design	Fluid	GK	Fan/Pump	220		10.5-10.5	80/125	YN/D-D-11-11	1	MS III 300 Y-72.5/?-10193 WR	OFAF-Force
PS Stal	OOO Tulachermet-Stal	Russia	TRDCFNM-80000/125000/220	Power Transformers	Y100201	2016	Siemens	Delivered	Network transformer	3 Phase Design	Fluid	GK	Fan/Pump	220		10.5-10.5	80/125	YN/D-D-11-11	1	MS III 300 Y-72.5/?-10193 WR	OFAF-Force
Sokpar		Russia	TDTN-63000/220	Power Transformers	Y100202		Siemens	Delivered	Network transformer	3 Phase Design	Fluid								1		
Sokpar		Russia	TDTN-63000/220	Power Transformers	Y100203		Siemens	Delivered	Network transformer	3 Phase Design	Fluid								1		
Sokpar		Russia	TDTN-63000/220	Power Transformers	Y100204		Siemens	Delivered	Network transformer	3 Phase Design	Fluid								1		
Sokpar		Russia	TDTN-63000/220	Power Transformers	Y100205		Siemens	Delivered	Network transformer	3 Phase Design	Fluid								1		
Industrialnaya		Russia	TRDN-125000/110	Power Transformers	Y100206	2015	Siemens	Delivered	Network transformer	3 Phase Design	Fluid	GK	Fan	220		10.5-10.5	125	YN/D-D-11-11	1	RSV 9.3 III-700Y-72.5/K-10191W	ONAF
Industrialnaya		Russia	TRDN-125000/110	Power Transformers	Y100207	2015	Siemens	Delivered	Network transformer	3 Phase Design	Fluid	GK	Fan	220		10.5-10.5	125	YN/D-D-11-11	1	RSV 9.3 III-700Y-72.5/K-10191W	ONAF
Buzmein	"""Belent jai"""	Turkmenistan	TDTN-40000/110	Power Transformers	Y100208	2015	Siemens	Delivered	Network transformer	3 Phase Design	Fluid	GK	Fan	110	36.75	10.5 (6.3)	40	YN/YN/D-0-11	1	V III 350Y-76.0/ 10191W	ONAF
Buzmein	"""Belent jai"""	Turkmenistan	TDTN-40000/110	Power Transformers	Y100209	2015	Siemens	Delivered	Network transformer	3 Phase Design	Fluid	GK	Fan	110	36.75	10.5 (6.3)	40	YN/YN/D-0-11	1	V III 350Y-76.0/ 10191W	ONAF
Innopolis_Kazan	"??? ""OEZ ?Innopolis"""	Russia	TRDN-63000/110	Power Transformers	Y100210	2015	Siemens	Delivered	Network transformer	3 Phase Design	Fluid	GK	Fan	115		10.5-10.5	63	YN/D-D-11-11	1	V III 350Y-76 10191	ONAF
Innopolis_Kazan	"??? ""OEZ ?Innopolis"""	Russia	TRDN-63000/110	Power Transformers	Y100211	2015	Siemens	Delivered	Network transformer	3 Phase Design	Fluid	GK	Fan	115		10.5-10.5	63	YN/D-D-11-11	1	V III 350Y-76 10191	ONAF
Kokzhailau 	"TOO ""Avrora"""	Kazakhstan	TRMN-40000/110	Power Transformers	Y100212	2015	Siemens	Delivered	Network transformer	3 Phase Design	Fluid	GK	Fan	115		10.5-10.5	40	YN/D-D-11-11	1	CV III 350Y-72.5-10191W	ONAF
Kokzhailau 	"TOO ""Avrora"""	Kazakhstan	TRMN-40000/110	Power Transformers	Y100213	2015	Siemens	Delivered	Network transformer	3 Phase Design	Fluid	GK	Fan	115		10.5-10.5	40	YN/D-D-11-11	1	CV III 350Y-72.5-10191W	ONAF
Iput_PS	"??? ""Gomelenergo"""	Belarus	TRDN-63000/110	Power Transformers	Y100214	2015	Siemens	Delivered	Network transformer	3 Phase Design	Fluid	GK	Fan	115		11--11	63	YN/D-D-11-11	1	RSV 9.3 III-400Y-72.5/K-10191W	ONAF
Iput_PS	"??? ""Gomelenergo"""	Belarus	TRDN-63000/110	Power Transformers	Y100215	2015	Siemens	Delivered	Network transformer	3 Phase Design	Fluid	GK	Fan	115		11--11	63	YN/D-D-11-11	1	RSV 9.3 III-400Y-72.5/K-10191W	ONAF
Gryazi_PS	"OAO ""RZHD"""	Russia	TDTNZH-40000/220	Power Transformers	Y100218	2016	Siemens	Delivered	Network transformer	3 Phase Design	Fluid	GK	Fan	230	38.5	27.5	40	YN/YN/D-0-11	1	MS III 300 Y-72.5/B-14273 W	ONAF
Cargill Novoannenskiy	"OOO ""Kargill"""	Russia	?DN-10000/110	Power Transformers	Y100220	2015	Siemens	Delivered	Network transformer	3 Phase Design	Fluid	GK	Fan	115		10.5	10	YN/D-11	1	RS 12 III 200Y - 72.5 -10191W	ONAF
Cargill Novoannenskiy	"OOO ""Kargill"""	Russia	?DN-10000/110	Power Transformers	Y100221	2015	Siemens	Delivered	Network transformer	3 Phase Design	Fluid	GK	Fan	115		10.5	10	YN/D-11	1	RS 12 III 200Y - 72.5 -10191W	ONAF
Apatity		Russia	TDTN-63000/150	Power Transformers	Y100222		Siemens	Delivered	Network transformer	3 Phase Design	Fluid	GK	Fan						1		ONAF
Apatity		Russia	TDTN-63000/150	Power Transformers	Y100223		Siemens	Delivered	Network transformer	3 Phase Design	Fluid	GK	Fan						1		ONAF
TRAFO	STV	Russia	TRDNS-40000/110	Power Transformers	Y100224	2016	Siemens	Delivered	Network transformer	3 Phase Design	Fluid	GK	Fan	121		6.3-6.3	40	YN/D-D-11-11	1	CV III 350Y-72.5-10191W	ONAF
"PS ""Pavlodarskaya"""		Kazakhstan	ATDTN-125000/220	Power Transformers	Y100225	2016	Siemens	Delivered	Network transformer	3 Phase Design	Fluid	Nynas Nytro 11GX	Fan	230	121	10.5	125	YN auto/D-0-11	3	3xVRC I 701-123.0/B-14 131W	ONAF
"PS ""Pavlodarskaya"""		Kazakhstan	ATDTN-125000/220	Power Transformers	Y100226	2016	Siemens	Delivered	Network transformer	3 Phase Design	Fluid	Nynas Nytro 11GX	Fan	230	121	10.5	125	YN auto/D-0-11	3	3xVRC I 701-123.0/B-14 131W	ONAF
Moglino	"??? ""ZETO SMP Severo-zapad"""	Russia	TRDN-40000/110	Power Transformers	Y100227	2016	Siemens	Delivered	Network transformer	3 Phase Design	Fluid	GK	Fan	115		10.5-10.5	40	YN/D-D-11-11	1	RS12-Y-400-72.5-10191WR	ONAF
Moglino	"??? ""ZETO SMP Severo-zapad"""	Russia	TRDN-40000/110	Power Transformers	Y100228	2016	Siemens	Delivered	Network transformer	3 Phase Design	Fluid	GK	Fan	115		10.5-10.5	40	YN/D-D-11-11	1	RS12-Y-400-72.5-10191WR	ONAF
Lebedinskiy GOK	OOO Lebedinskiy GOK	Russia	TRDN-63000/110	Power Transformers	Y100229	2016	Siemens	Delivered	Network transformer	3 Phase Design	Fluid	GK	Fan	115		6.3-6.3	63	YN/D-D-11-11	1	RS12 Y 400 - 72.5-10191W	ONAF
Lebedinskiy GOK	OOO Lebedinskiy GOK	Russia	TRDN-63000/110	Power Transformers	Y100230	2016	Siemens	Delivered	Network transformer	3 Phase Design	Fluid	GK	Fan	115		6.3-6.3	63	YN/D-D-11-11	1	RS12 Y 400 - 72.5-10191W	ONAF
"PS ""Birulevo"""	"??? ""GK Aksiomatika"""	Russia	TDCTN-100000/110	Power Transformers	Y100231	2016	Siemens	Delivered	Network transformer	3 Phase Design	Fluid	GK	Fan/Pump	115	11	6.9	100	YN/D-D-11-11	1	VM III 650Y-72.5/B-10 191WR	OFAF
"PS ""Birulevo"""	"??? ""GK Aksiomatika"""	Russia	TDCTN-100000/110	Power Transformers	Y100232	2016	Siemens	Delivered	Network transformer	3 Phase Design	Fluid	GK	Fan/Pump	115	11	6.9	100	YN/D-D-11-11	1	VM III 650Y-72.5/B-10 191WR	OFAF
"PS ""Samarskaya"""		Russia	TRDCN-125000/110	Power Transformers	Y100233	2016	Siemens	Delivered	Network transformer	3 Phase Design	Fluid	GK	Fan/Pump	115		10.5-10.5	125	YN/D-D-11-11	1	VRC III 700 Y 72.5 / B-10 19 1 W	OFAF
"PS ""Samarskaya"""		Russia	TRDCN-125000/110	Power Transformers	Y100234	2016	Siemens	Delivered	Network transformer	3 Phase Design	Fluid	GK	Fan/Pump	115		10.5-10.5	125	YN/D-D-11-11	1	VRC III 700 Y 72.5 / B-10 19 1 W	OFAF
Gadzhievo	" ??? ""TransSnab"""	Russia	TDN-40000/150	Power Transformers	Y100235	2016	Siemens	Delivered	Network transformer	3 Phase Design	Fluid	GK	Fan	158		38.5	40	YN/D-11	1	RS12 Y 200-72.5/ 10193 W	ONAF
Gadzhievo	" ??? ""TransSnab"""	Russia	TDN-40000/150	Power Transformers	Y100236	2016	Siemens	Delivered	Network transformer	3 Phase Design	Fluid	GK	Fan	158		38.5	40	YN/D-11	1	RS12 Y 200-72.5/ 10193 W	ONAF
Gadzhievo	" ??? ""TransSnab"""	Russia	TDN-25000/35	Power Transformers	Y100237	2015	Siemens	Delivered	Network transformer	3 Phase Design	Fluid	GK	Fan	38.5		6.3	25	YN/D-11	1	RS12 Y III 400-72.5 - 10 19 3W	ONAF
Gadzhievo	" ??? ""TransSnab"""	Russia	TDN-25000/35	Power Transformers	Y100238	2015	Siemens	Delivered	Network transformer	3 Phase Design	Fluid	GK	Fan	38.5		6.3	25	YN/D-11	1	RS12 Y III 400-72.5 - 10 19 3W	ONAF
Gadzhievo	" ??? ""TransSnab"""	Russia	TDN-16000/35	Power Transformers	Y100239	2016	Siemens	Delivered	Network transformer	3 Phase Design	Fluid	GK	Fan	38.5		6.3	16	YN/D-11	1	RS12 Y400-72.5 - 10 19 3W	ONAF
Gadzhievo	" ??? ""TransSnab"""	Russia	TDN-16000/35	Power Transformers	Y100240	2016	Siemens	Delivered	Network transformer	3 Phase Design	Fluid	GK	Fan	38.5		6.3	16	YN/D-11	1	RS12 Y400-72.5 - 10 19 3W	ONAF
Kiziloordinskaya TEC-3	"??? ""Tech-Service Kiziloorda"	Kazakhstan	TDTN-63000/220	Power Transformers	Y100241	2016	Siemens	Delivered	Network transformer	3 Phase Design	Fluid	GK	Fan	230	38.5	10.5	63	YN/YN/D-0-11	1	CM III 500Y-72.5B-14 273W	ONAF
PS Lebedi	OOO Lebedinskiy GOK	Russia	ATDCTN-200000/330	Power Transformers	Y100242	2016	Siemens	Delivered	Network transformer	3 Phase Design	Fluid	GK	Fan/Pump	330	115	38.5	200	YN auto/D-0-11	3	3?M I 1203-170/C-14 13 1WR	OFAF
Donbiotech		Russia	TRDN-40000/220	Power Transformers	Y100245	2015	Siemens	Delivered	Network transformer	3 Phase Design	Fluid	Nynas Nytro 11GX	Fan	230		10.5-10.5	40	YN/D-D-11-11	1	CM III 500Y-72.5/B-14 273WR	ONAF
Donbiotech		Russia	TRDN-40000/220	Power Transformers	Y100246	2015	Siemens	Delivered	Network transformer	3 Phase Design	Fluid	Nynas Nytro 11GX	Fan	230		10.5-10.5	40	YN/D-D-11-11	1	CM III 500Y-72.5/B-14 273WR	ONAF
Prommashkomplekt		Russia	TRDN-40000/220	Power Transformers	Y100247	2015	Siemens	Delivered	Network transformer	3 Phase Design	Fluid	GK	Fan	230	38.5	11	40	YN/YN/D-0-11	1	CM2 III 500Y-72.5/C-10 191WR	ONAF
Prommashkomplekt		Russia	TRDN-40000/220	Power Transformers	Y100248	2015	Siemens	Delivered	Network transformer	3 Phase Design	Fluid	GK	Fan	230	38.5	11	40	YN/YN/D-0-11	1	CM2 III 500Y-72.5/C-10 191WR	ONAF
"PS ""TOF"" "	TOF Nornikel	Russia	TRDN-40000/110	Power Transformers	Y100249	2015	Siemens	Delivered	Network transformer	3 Phase Design	Fluid	GK	Fan	115		6.6-6.6	40	YN/D-D-11-11	1	CV III 350Y - 72.5 - 10191 W	ONAF
"PS ""TOF"" "	TOF Nornikel	Russia	TRDN-40000/110	Power Transformers	Y100250	2015	Siemens	Delivered	Network transformer	3 Phase Design	Fluid	GK	Fan	115		6.6-6.6	40	YN/D-D-11-11	1	CV III 350Y - 72.5 - 10191 W	ONAF
